"Indicator Category","Indicator Code","Indicator","Reporting Economy Code","Reporting Economy ISO3A Code","Reporting Economy","Partner Economy Code","Partner Economy ISO3A Code","Partner Economy","Product/Sector Classification Code","Product/Sector Classification","Product/Sector Code","Product/Sector","Period Code","Period","Frequency Code","Frequency","Unit Code","Unit","Year","Value Flag Code","Value Flag","Text Value","Value"
"Merchandise trade values","ITS_MTV_AM","Merchandise imports by product group – annual","840","USA","United States of America","000","","World","SITC3","Merchandise - SITC Revision 3 (aggregates)","AG","Agricultural products","A","Annual","A","Annual","USM","Million US dollar","2019","","","","181082.755792"
"Merchandise trade values","ITS_MTV_AM","Merchandise imports by product group – annual","840","USA","United States of America","000","","World","SITC3","Merchandise - SITC Revision 3 (aggregates)","AGFO","Food","A","Annual","A","Annual","USM","Million US dollar","2019","","","","158676.786049"
"Merchandise trade values","ITS_MTV_AM","Merchandise imports by product group – annual","840","USA","United States of America","000","","World","SITC3","Merchandise - SITC Revision 3 (aggregates)","MA","Manufactures","A","Annual","A","Annual","USM","Million US dollar","2019","","","","1994265.527756"
"Merchandise trade values","ITS_MTV_AM","Merchandise imports by product group – annual","840","USA","United States of America","000","","World","SITC3","Merchandise - SITC Revision 3 (aggregates)","MACH","Chemicals","A","Annual","A","Annual","USM","Million US dollar","2019","","","","271783.893049"
"Merchandise trade values","ITS_MTV_AM","Merchandise imports by product group – annual","840","USA","United States of America","000","","World","SITC3","Merchandise - SITC Revision 3 (aggregates)","MACHPH","Pharmaceuticals","A","Annual","A","Annual","USM","Million US dollar","2019","","","","132457.699866"
"Merchandise trade values","ITS_MTV_AM","Merchandise imports by product group – annual","840","USA","United States of America","000","","World","SITC3","Merchandise - SITC Revision 3 (aggregates)","MACL","Clothing","A","Annual","A","Annual","USM","Million US dollar","2019","","","","95491.78919"
"Merchandise trade values","ITS_MTV_AM","Merchandise imports by product group – annual","840","USA","United States of America","000","","World","SITC3","Merchandise - SITC Revision 3 (aggregates)","MAIS","Iron and steel","A","Annual","A","Annual","USM","Million US dollar","2019","","","","33610.730976"
"Merchandise trade values","ITS_MTV_AM","Merchandise imports by product group – annual","840","USA","United States of America","000","","World","SITC3","Merchandise - SITC Revision 3 (aggregates)","MAMT","Machinery and transport equipment","A","Annual","A","Annual","USM","Million US dollar","2019","","","","1088216.106096"
"Merchandise trade values","ITS_MTV_AM","Merchandise imports by product group – annual","840","USA","United States of America","000","","World","SITC3","Merchandise - SITC Revision 3 (aggregates)","MAMTAU","Automotive products","A","Annual","A","Annual","USM","Million US dollar","2019","","","","317721.597924"
"Merchandise trade values","ITS_MTV_AM","Merchandise imports by product group – annual","840","USA","United States of America","000","","World","SITC3","Merchandise - SITC Revision 3 (aggregates)","MAMTOF","Office and telecom equipment","A","Annual","A","Annual","USM","Million US dollar","2019","","","","340309.696361"
"Merchandise trade values","ITS_MTV_AM","Merchandise imports by product group – annual","840","USA","United States of America","000","","World","SITC3","Merchandise - SITC Revision 3 (aggregates)","MAMTOTEP","Electronic data processing and office equipment","A","Annual","A","Annual","USM","Million US dollar","2019","","","","134919.092655"
"Merchandise trade values","ITS_MTV_AM","Merchandise imports by product group – annual","840","USA","United States of America","000","","World","SITC3","Merchandise - SITC Revision 3 (aggregates)","MAMTOTIC","Integrated circuits and electronic components","A","Annual","A","Annual","USM","Million US dollar","2019","","","","57678.145231"
"Merchandise trade values","ITS_MTV_AM","Merchandise imports by product group – annual","840","USA","United States of America","000","","World","SITC3","Merchandise - SITC Revision 3 (aggregates)","MAMTOTTL","Telecommunications equipment","A","Annual","A","Annual","USM","Million US dollar","2019","","","","147712.458475"
"Merchandise trade values","ITS_MTV_AM","Merchandise imports by product group – annual","840","USA","United States of America","000","","World","SITC3","Merchandise - SITC Revision 3 (aggregates)","MAMTTE","Transport equipment","A","Annual","A","Annual","USM","Million US dollar","2019","","","","382525.150356"
"Merchandise trade values","ITS_MTV_AM","Merchandise imports by product group – annual","840","USA","United States of America","000","","World","SITC3","Merchandise - SITC Revision 3 (aggregates)","MATE","Textiles","A","Annual","A","Annual","USM","Million US dollar","2019","","","","31400.326685"
"Merchandise trade values","ITS_MTV_AM","Merchandise imports by product group – annual","840","USA","United States of America","000","","World","SITC3","Merchandise - SITC Revision 3 (aggregates)","MI","Fuels and mining products","A","Annual","A","Annual","USM","Million US dollar","2019","","","","265651.535897"
"Merchandise trade values","ITS_MTV_AM","Merchandise imports by product group – annual","840","USA","United States of America","000","","World","SITC3","Merchandise - SITC Revision 3 (aggregates)","MIFU","Fuels","A","Annual","A","Annual","USM","Million US dollar","2019","","","","209964.864447"
"Merchandise trade values","ITS_MTV_AM","Merchandise imports by product group – annual","840","USA","United States of America","000","","World","SITC3","Merchandise - SITC Revision 3 (aggregates)","TO","Total merchandise","A","Annual","A","Annual","USM","Million US dollar","2019","","","","2567444.559066"
"Merchandise trade values","ITS_MTV_AX","Merchandise exports by product group – annual","840","USA","United States of America","000","","World","SITC3","Merchandise - SITC Revision 3 (aggregates)","AG","Agricultural products","A","Annual","A","Annual","USM","Million US dollar","2019","","","","164802.571247"
"Merchandise trade values","ITS_MTV_AX","Merchandise exports by product group – annual","840","USA","United States of America","000","","World","SITC3","Merchandise - SITC Revision 3 (aggregates)","AGFO","Food","A","Annual","A","Annual","USM","Million US dollar","2019","","","","135949.661785"
"Merchandise trade values","ITS_MTV_AX","Merchandise exports by product group – annual","840","USA","United States of America","000","","World","SITC3","Merchandise - SITC Revision 3 (aggregates)","MA","Manufactures","A","Annual","A","Annual","USM","Million US dollar","2019","","","","1036401.466869"
"Merchandise trade values","ITS_MTV_AX","Merchandise exports by product group – annual","840","USA","United States of America","000","","World","SITC3","Merchandise - SITC Revision 3 (aggregates)","MACH","Chemicals","A","Annual","A","Annual","USM","Million US dollar","2019","","","","224279.094305"
"Merchandise trade values","ITS_MTV_AX","Merchandise exports by product group – annual","840","USA","United States of America","000","","World","SITC3","Merchandise - SITC Revision 3 (aggregates)","MACHPH","Pharmaceuticals","A","Annual","A","Annual","USM","Million US dollar","2019","","","","55779.682864"
"Merchandise trade values","ITS_MTV_AX","Merchandise exports by product group – annual","840","USA","United States of America","000","","World","SITC3","Merchandise - SITC Revision 3 (aggregates)","MACL","Clothing","A","Annual","A","Annual","USM","Million US dollar","2019","","","","5963.927763"
"Merchandise trade values","ITS_MTV_AX","Merchandise exports by product group – annual","840","USA","United States of America","000","","World","SITC3","Merchandise - SITC Revision 3 (aggregates)","MAIS","Iron and steel","A","Annual","A","Annual","USM","Million US dollar","2019","","","","13204.187865"
"Merchandise trade values","ITS_MTV_AX","Merchandise exports by product group – annual","840","USA","United States of America","000","","World","SITC3","Merchandise - SITC Revision 3 (aggregates)","MAMT","Machinery and transport equipment","A","Annual","A","Annual","USM","Million US dollar","2019","","","","534874.756821"
"Merchandise trade values","ITS_MTV_AX","Merchandise exports by product group – annual","840","USA","United States of America","000","","World","SITC3","Merchandise - SITC Revision 3 (aggregates)","MAMTAU","Automotive products","A","Annual","A","Annual","USM","Million US dollar","2019","","","","139277.101716"
"Merchandise trade values","ITS_MTV_AX","Merchandise exports by product group – annual","840","USA","United States of America","000","","World","SITC3","Merchandise - SITC Revision 3 (aggregates)","MAMTOF","Office and telecom equipment","A","Annual","A","Annual","USM","Million US dollar","2019","","","","148450.266583"
"Merchandise trade values","ITS_MTV_AX","Merchandise exports by product group – annual","840","USA","United States of America","000","","World","SITC3","Merchandise - SITC Revision 3 (aggregates)","MAMTOTEP","Electronic data processing and office equipment","A","Annual","A","Annual","USM","Million US dollar","2019","","","","52795.792395"
"Merchandise trade values","ITS_MTV_AX","Merchandise exports by product group – annual","840","USA","United States of America","000","","World","SITC3","Merchandise - SITC Revision 3 (aggregates)","MAMTOTIC","Integrated circuits and electronic components","A","Annual","A","Annual","USM","Million US dollar","2019","","","","52624.187362"
"Merchandise trade values","ITS_MTV_AX","Merchandise exports by product group – annual","840","USA","United States of America","000","","World","SITC3","Merchandise - SITC Revision 3 (aggregates)","MAMTOTTL","Telecommunications equipment","A","Annual","A","Annual","USM","Million US dollar","2019","","","","43030.286826"
"Merchandise trade values","ITS_MTV_AX","Merchandise exports by product group – annual","840","USA","United States of America","000","","World","SITC3","Merchandise - SITC Revision 3 (aggregates)","MAMTTE","Transport equipment","A","Annual","A","Annual","USM","Million US dollar","2019","","","","170884.473901"
"Merchandise trade values","ITS_MTV_AX","Merchandise exports by product group – annual","840","USA","United States of America","000","","World","SITC3","Merchandise - SITC Revision 3 (aggregates)","MATE","Textiles","A","Annual","A","Annual","USM","Million US dollar","2019","","","","13359.203503"
"Merchandise trade values","ITS_MTV_AX","Merchandise exports by product group – annual","840","USA","United States of America","000","","World","SITC3","Merchandise - SITC Revision 3 (aggregates)","MI","Fuels and mining products","A","Annual","A","Annual","USM","Million US dollar","2019","","","","243140.963083"
"Merchandise trade values","ITS_MTV_AX","Merchandise exports by product group – annual","840","USA","United States of America","000","","World","SITC3","Merchandise - SITC Revision 3 (aggregates)","MIFU","Fuels","A","Annual","A","Annual","USM","Million US dollar","2019","","","","199590.660278"
"Merchandise trade values","ITS_MTV_AX","Merchandise exports by product group – annual","840","USA","United States of America","000","","World","SITC3","Merchandise - SITC Revision 3 (aggregates)","TO","Total merchandise","A","Annual","A","Annual","USM","Million US dollar","2019","","","","1643160.852937"
"Trade in commercial services","ITS_CS_AM6","Commercial services imports by sector and partner – annual (2005-2019)","840","USA","United States of America","000","","World","BOP6","Services - Extended Balance of Payments Classification (EBOPS 2010)","GSOX","Memo item: Goods and commercial services","A","Annual","A","Annual","USM","Million US dollar","2019","","","","3081043"
"Trade in commercial services","ITS_CS_AM6","Commercial services imports by sector and partner – annual (2005-2019)","840","USA","United States of America","000","","World","BOP6","Services - Extended Balance of Payments Classification (EBOPS 2010)","S","Memo item: Total services","A","Annual","A","Annual","USM","Million US dollar","2019","","","","588359"
"Trade in commercial services","ITS_CS_AM6","Commercial services imports by sector and partner – annual (2005-2019)","840","USA","United States of America","000","","World","BOP6","Services - Extended Balance of Payments Classification (EBOPS 2010)","SB","Maintenance and repair services n.i.e.","A","Annual","A","Annual","USM","Million US dollar","2019","","","","7823"
"Trade in commercial services","ITS_CS_AM6","Commercial services imports by sector and partner – annual (2005-2019)","840","USA","United States of America","000","","World","BOP6","Services - Extended Balance of Payments Classification (EBOPS 2010)","SC","Transport","A","Annual","A","Annual","USM","Million US dollar","2019","","","","107458"
"Trade in commercial services","ITS_CS_AM6","Commercial services imports by sector and partner – annual (2005-2019)","840","USA","United States of America","000","","World","BOP6","Services - Extended Balance of Payments Classification (EBOPS 2010)","SC1","Sea transport","A","Annual","A","Annual","USM","Million US dollar","2019","","","","32670"
"Trade in commercial services","ITS_CS_AM6","Commercial services imports by sector and partner – annual (2005-2019)","840","USA","United States of America","000","","World","BOP6","Services - Extended Balance of Payments Classification (EBOPS 2010)","SC12","Freight (Sea)","A","Annual","A","Annual","USM","Million US dollar","2019","","","","30757"
"Trade in commercial services","ITS_CS_AM6","Commercial services imports by sector and partner – annual (2005-2019)","840","USA","United States of America","000","","World","BOP6","Services - Extended Balance of Payments Classification (EBOPS 2010)","SC13","Other (Sea)","A","Annual","A","Annual","USM","Million US dollar","2019","","","","1913"
"Trade in commercial services","ITS_CS_AM6","Commercial services imports by sector and partner – annual (2005-2019)","840","USA","United States of America","000","","World","BOP6","Services - Extended Balance of Payments Classification (EBOPS 2010)","SC2","Air transport","A","Annual","A","Annual","USM","Million US dollar","2019","","","","70995"
"Trade in commercial services","ITS_CS_AM6","Commercial services imports by sector and partner – annual (2005-2019)","840","USA","United States of America","000","","World","BOP6","Services - Extended Balance of Payments Classification (EBOPS 2010)","SC21","Passenger (Air)","A","Annual","A","Annual","USM","Million US dollar","2019","","","","47771"
"Trade in commercial services","ITS_CS_AM6","Commercial services imports by sector and partner – annual (2005-2019)","840","USA","United States of America","000","","World","BOP6","Services - Extended Balance of Payments Classification (EBOPS 2010)","SC22","Freight (Air)","A","Annual","A","Annual","USM","Million US dollar","2019","","","","8495"
"Trade in commercial services","ITS_CS_AM6","Commercial services imports by sector and partner – annual (2005-2019)","840","USA","United States of America","000","","World","BOP6","Services - Extended Balance of Payments Classification (EBOPS 2010)","SC23","Other (Air)","A","Annual","A","Annual","USM","Million US dollar","2019","","","","14729"
"Trade in commercial services","ITS_CS_AM6","Commercial services imports by sector and partner – annual (2005-2019)","840","USA","United States of America","000","","World","BOP6","Services - Extended Balance of Payments Classification (EBOPS 2010)","SC3","Other modes of transport","A","Annual","A","Annual","USM","Million US dollar","2019","","","","3453"
"Trade in commercial services","ITS_CS_AM6","Commercial services imports by sector and partner – annual (2005-2019)","840","USA","United States of America","000","","World","BOP6","Services - Extended Balance of Payments Classification (EBOPS 2010)","SC4","Postal and courier services","A","Annual","A","Annual","USM","Million US dollar","2019","","","","340"
"Trade in commercial services","ITS_CS_AM6","Commercial services imports by sector and partner – annual (2005-2019)","840","USA","United States of America","000","","World","BOP6","Services - Extended Balance of Payments Classification (EBOPS 2010)","SCA","Passenger (All modes of transport)","A","Annual","A","Annual","USM","Million US dollar","2019","E","Estimate","","49152.2"
"Trade in commercial services","ITS_CS_AM6","Commercial services imports by sector and partner – annual (2005-2019)","840","USA","United States of America","000","","World","BOP6","Services - Extended Balance of Payments Classification (EBOPS 2010)","SCB","Freight (All modes of transport)","A","Annual","A","Annual","USM","Million US dollar","2019","E","Estimate","","40633.2"
"Trade in commercial services","ITS_CS_AM6","Commercial services imports by sector and partner – annual (2005-2019)","840","USA","United States of America","000","","World","BOP6","Services - Extended Balance of Payments Classification (EBOPS 2010)","SCC","Other (All modes of transport)","A","Annual","A","Annual","USM","Million US dollar","2019","E","Estimate","","17672.6"
"Trade in commercial services","ITS_CS_AM6","Commercial services imports by sector and partner – annual (2005-2019)","840","USA","United States of America","000","","World","BOP6","Services - Extended Balance of Payments Classification (EBOPS 2010)","SD","Travel","A","Annual","A","Annual","USM","Million US dollar","2019","","","","134594"
"Trade in commercial services","ITS_CS_AM6","Commercial services imports by sector and partner – annual (2005-2019)","840","USA","United States of America","000","","World","BOP6","Services - Extended Balance of Payments Classification (EBOPS 2010)","SDA","Business","A","Annual","A","Annual","USM","Million US dollar","2019","","","","18865"
"Trade in commercial services","ITS_CS_AM6","Commercial services imports by sector and partner – annual (2005-2019)","840","USA","United States of America","000","","World","BOP6","Services - Extended Balance of Payments Classification (EBOPS 2010)","SDA1","Acquisition of goods and services by border, seaso","A","Annual","A","Annual","USM","Million US dollar","2019","","","","1489"
"Trade in commercial services","ITS_CS_AM6","Commercial services imports by sector and partner – annual (2005-2019)","840","USA","United States of America","000","","World","BOP6","Services - Extended Balance of Payments Classification (EBOPS 2010)","SDA2","Other (Business)","A","Annual","A","Annual","USM","Million US dollar","2019","","","","17376"
"Trade in commercial services","ITS_CS_AM6","Commercial services imports by sector and partner – annual (2005-2019)","840","USA","United States of America","000","","World","BOP6","Services - Extended Balance of Payments Classification (EBOPS 2010)","SDB","Personal","A","Annual","A","Annual","USM","Million US dollar","2019","","","","115729"
"Trade in commercial services","ITS_CS_AM6","Commercial services imports by sector and partner – annual (2005-2019)","840","USA","United States of America","000","","World","BOP6","Services - Extended Balance of Payments Classification (EBOPS 2010)","SDB1","Health-related","A","Annual","A","Annual","USM","Million US dollar","2019","","","","717"
"Trade in commercial services","ITS_CS_AM6","Commercial services imports by sector and partner – annual (2005-2019)","840","USA","United States of America","000","","World","BOP6","Services - Extended Balance of Payments Classification (EBOPS 2010)","SDB2","Education-related","A","Annual","A","Annual","USM","Million US dollar","2019","","","","11654"
"Trade in commercial services","ITS_CS_AM6","Commercial services imports by sector and partner – annual (2005-2019)","840","USA","United States of America","000","","World","BOP6","Services - Extended Balance of Payments Classification (EBOPS 2010)","SDB3","Other (Personal)","A","Annual","A","Annual","USM","Million US dollar","2019","","","","103358"
"Trade in commercial services","ITS_CS_AM6","Commercial services imports by sector and partner – annual (2005-2019)","840","USA","United States of America","000","","World","BOP6","Services - Extended Balance of Payments Classification (EBOPS 2010)","SE","Construction","A","Annual","A","Annual","USM","Million US dollar","2019","","","","1327"
"Trade in commercial services","ITS_CS_AM6","Commercial services imports by sector and partner – annual (2005-2019)","840","USA","United States of America","000","","World","BOP6","Services - Extended Balance of Payments Classification (EBOPS 2010)","SE1","Construction abroad","A","Annual","A","Annual","USM","Million US dollar","2019","","","","941"
"Trade in commercial services","ITS_CS_AM6","Commercial services imports by sector and partner – annual (2005-2019)","840","USA","United States of America","000","","World","BOP6","Services - Extended Balance of Payments Classification (EBOPS 2010)","SE2","Construction in the reporting economy","A","Annual","A","Annual","USM","Million US dollar","2019","","","","387"
"Trade in commercial services","ITS_CS_AM6","Commercial services imports by sector and partner – annual (2005-2019)","840","USA","United States of America","000","","World","BOP6","Services - Extended Balance of Payments Classification (EBOPS 2010)","SF","Insurance and pension services","A","Annual","A","Annual","USM","Million US dollar","2019","","","","51547"
"Trade in commercial services","ITS_CS_AM6","Commercial services imports by sector and partner – annual (2005-2019)","840","USA","United States of America","000","","World","BOP6","Services - Extended Balance of Payments Classification (EBOPS 2010)","SF1","Direct insurance","A","Annual","A","Annual","USM","Million US dollar","2019","","","","3573"
"Trade in commercial services","ITS_CS_AM6","Commercial services imports by sector and partner – annual (2005-2019)","840","USA","United States of America","000","","World","BOP6","Services - Extended Balance of Payments Classification (EBOPS 2010)","SF2","Reinsurance","A","Annual","A","Annual","USM","Million US dollar","2019","","","","44597"
"Trade in commercial services","ITS_CS_AM6","Commercial services imports by sector and partner – annual (2005-2019)","840","USA","United States of America","000","","World","BOP6","Services - Extended Balance of Payments Classification (EBOPS 2010)","SF3","Auxiliary insurance services","A","Annual","A","Annual","USM","Million US dollar","2019","","","","3378"
"Trade in commercial services","ITS_CS_AM6","Commercial services imports by sector and partner – annual (2005-2019)","840","USA","United States of America","000","","World","BOP6","Services - Extended Balance of Payments Classification (EBOPS 2010)","SG","Financial services","A","Annual","A","Annual","USM","Million US dollar","2019","","","","40350"
"Trade in commercial services","ITS_CS_AM6","Commercial services imports by sector and partner – annual (2005-2019)","840","USA","United States of America","000","","World","BOP6","Services - Extended Balance of Payments Classification (EBOPS 2010)","SG1","Explicitly charged and other financial services","A","Annual","A","Annual","USM","Million US dollar","2019","","","","33212"
"Trade in commercial services","ITS_CS_AM6","Commercial services imports by sector and partner – annual (2005-2019)","840","USA","United States of America","000","","World","BOP6","Services - Extended Balance of Payments Classification (EBOPS 2010)","SG11","Brokerage and market-making services","A","Annual","A","Annual","USM","Million US dollar","2019","","","","5004"
"Trade in commercial services","ITS_CS_AM6","Commercial services imports by sector and partner – annual (2005-2019)","840","USA","United States of America","000","","World","BOP6","Services - Extended Balance of Payments Classification (EBOPS 2010)","SG12","Underwriting and private placement services","A","Annual","A","Annual","USM","Million US dollar","2019","","","","618"
"Trade in commercial services","ITS_CS_AM6","Commercial services imports by sector and partner – annual (2005-2019)","840","USA","United States of America","000","","World","BOP6","Services - Extended Balance of Payments Classification (EBOPS 2010)","SG13","Credit card and other credit-related services","A","Annual","A","Annual","USM","Million US dollar","2019","","","","10567"
"Trade in commercial services","ITS_CS_AM6","Commercial services imports by sector and partner – annual (2005-2019)","840","USA","United States of America","000","","World","BOP6","Services - Extended Balance of Payments Classification (EBOPS 2010)","SG14","Financial management services","A","Annual","A","Annual","USM","Million US dollar","2019","","","","9221"
"Trade in commercial services","ITS_CS_AM6","Commercial services imports by sector and partner – annual (2005-2019)","840","USA","United States of America","000","","World","BOP6","Services - Extended Balance of Payments Classification (EBOPS 2010)","SG15","Financial advisory and custody services","A","Annual","A","Annual","USM","Million US dollar","2019","","","","3288"
"Trade in commercial services","ITS_CS_AM6","Commercial services imports by sector and partner – annual (2005-2019)","840","USA","United States of America","000","","World","BOP6","Services - Extended Balance of Payments Classification (EBOPS 2010)","SG16","Securities lending, electronic funds transfer, and","A","Annual","A","Annual","USM","Million US dollar","2019","","","","4514"
"Trade in commercial services","ITS_CS_AM6","Commercial services imports by sector and partner – annual (2005-2019)","840","USA","United States of America","000","","World","BOP6","Services - Extended Balance of Payments Classification (EBOPS 2010)","SG2","Financial intermediation services indirectly measu","A","Annual","A","Annual","USM","Million US dollar","2019","","","","7138"
"Trade in commercial services","ITS_CS_AM6","Commercial services imports by sector and partner – annual (2005-2019)","840","USA","United States of America","000","","World","BOP6","Services - Extended Balance of Payments Classification (EBOPS 2010)","SH","Charges for the use of intellectual property n.i.e","A","Annual","A","Annual","USM","Million US dollar","2019","","","","42733"
"Trade in commercial services","ITS_CS_AM6","Commercial services imports by sector and partner – annual (2005-2019)","840","USA","United States of America","000","","World","BOP6","Services - Extended Balance of Payments Classification (EBOPS 2010)","SH1","Franchises and trademarks licensing fees","A","Annual","A","Annual","USM","Million US dollar","2019","","","","4601"
"Trade in commercial services","ITS_CS_AM6","Commercial services imports by sector and partner – annual (2005-2019)","840","USA","United States of America","000","","World","BOP6","Services - Extended Balance of Payments Classification (EBOPS 2010)","SH11","Trademarks","A","Annual","A","Annual","USM","Million US dollar","2019","","","","4459"
"Trade in commercial services","ITS_CS_AM6","Commercial services imports by sector and partner – annual (2005-2019)","840","USA","United States of America","000","","World","BOP6","Services - Extended Balance of Payments Classification (EBOPS 2010)","SH12","Franchise fees","A","Annual","A","Annual","USM","Million US dollar","2019","","","","141"
"Trade in commercial services","ITS_CS_AM6","Commercial services imports by sector and partner – annual (2005-2019)","840","USA","United States of America","000","","World","BOP6","Services - Extended Balance of Payments Classification (EBOPS 2010)","SH2","Licences for the use of outcomes of research and d","A","Annual","A","Annual","USM","Million US dollar","2019","","","","24021"
"Trade in commercial services","ITS_CS_AM6","Commercial services imports by sector and partner – annual (2005-2019)","840","USA","United States of America","000","","World","BOP6","Services - Extended Balance of Payments Classification (EBOPS 2010)","SH3","Licences to reproduce and/or distribute computer s","A","Annual","A","Annual","USM","Million US dollar","2019","","","","11981"
"Trade in commercial services","ITS_CS_AM6","Commercial services imports by sector and partner – annual (2005-2019)","840","USA","United States of America","000","","World","BOP6","Services - Extended Balance of Payments Classification (EBOPS 2010)","SH4","Licences to reproduce and/or distribute audio-visu","A","Annual","A","Annual","USM","Million US dollar","2019","","","","2130"
"Trade in commercial services","ITS_CS_AM6","Commercial services imports by sector and partner – annual (2005-2019)","840","USA","United States of America","000","","World","BOP6","Services - Extended Balance of Payments Classification (EBOPS 2010)","SH41","Licences to reproduce and/or distribute audio-visu","A","Annual","A","Annual","USM","Million US dollar","2019","","","","2130"
"Trade in commercial services","ITS_CS_AM6","Commercial services imports by sector and partner – annual (2005-2019)","840","USA","United States of America","000","","World","BOP6","Services - Extended Balance of Payments Classification (EBOPS 2010)","SH411","Movies and television programming","A","Annual","A","Annual","USM","Million US dollar","2019","","","","237"
"Trade in commercial services","ITS_CS_AM6","Commercial services imports by sector and partner – annual (2005-2019)","840","USA","United States of America","000","","World","BOP6","Services - Extended Balance of Payments Classification (EBOPS 2010)","SH412","Books and sound recordings","A","Annual","A","Annual","USM","Million US dollar","2019","","","","311"
"Trade in commercial services","ITS_CS_AM6","Commercial services imports by sector and partner – annual (2005-2019)","840","USA","United States of America","000","","World","BOP6","Services - Extended Balance of Payments Classification (EBOPS 2010)","SH413","Broadcasting and recording of live events","A","Annual","A","Annual","USM","Million US dollar","2019","","","","1582"
"Trade in commercial services","ITS_CS_AM6","Commercial services imports by sector and partner – annual (2005-2019)","840","USA","United States of America","000","","World","BOP6","Services - Extended Balance of Payments Classification (EBOPS 2010)","SI","Telecommunications, computer, and information serv","A","Annual","A","Annual","USM","Million US dollar","2019","","","","43720"
"Trade in commercial services","ITS_CS_AM6","Commercial services imports by sector and partner – annual (2005-2019)","840","USA","United States of America","000","","World","BOP6","Services - Extended Balance of Payments Classification (EBOPS 2010)","SI1","Telecommunications services","A","Annual","A","Annual","USM","Million US dollar","2019","","","","5105"
"Trade in commercial services","ITS_CS_AM6","Commercial services imports by sector and partner – annual (2005-2019)","840","USA","United States of America","000","","World","BOP6","Services - Extended Balance of Payments Classification (EBOPS 2010)","SI2","Computer services","A","Annual","A","Annual","USM","Million US dollar","2019","","","","34519"
"Trade in commercial services","ITS_CS_AM6","Commercial services imports by sector and partner – annual (2005-2019)","840","USA","United States of America","000","","World","BOP6","Services - Extended Balance of Payments Classification (EBOPS 2010)","SI21","Computer software","A","Annual","A","Annual","USM","Million US dollar","2019","","","","13301"
"Trade in commercial services","ITS_CS_AM6","Commercial services imports by sector and partner – annual (2005-2019)","840","USA","United States of America","000","","World","BOP6","Services - Extended Balance of Payments Classification (EBOPS 2010)","SI22","Other computer services","A","Annual","A","Annual","USM","Million US dollar","2019","","","","21218"
"Trade in commercial services","ITS_CS_AM6","Commercial services imports by sector and partner – annual (2005-2019)","840","USA","United States of America","000","","World","BOP6","Services - Extended Balance of Payments Classification (EBOPS 2010)","SI221","Cloud computing and data storage services","A","Annual","A","Annual","USM","Million US dollar","2019","","","","537"
"Trade in commercial services","ITS_CS_AM6","Commercial services imports by sector and partner – annual (2005-2019)","840","USA","United States of America","000","","World","BOP6","Services - Extended Balance of Payments Classification (EBOPS 2010)","SI222","Other computer services other than cloud computing","A","Annual","A","Annual","USM","Million US dollar","2019","","","","20682"
"Trade in commercial services","ITS_CS_AM6","Commercial services imports by sector and partner – annual (2005-2019)","840","USA","United States of America","000","","World","BOP6","Services - Extended Balance of Payments Classification (EBOPS 2010)","SI3","Information services","A","Annual","A","Annual","USM","Million US dollar","2019","","","","4095"
"Trade in commercial services","ITS_CS_AM6","Commercial services imports by sector and partner – annual (2005-2019)","840","USA","United States of America","000","","World","BOP6","Services - Extended Balance of Payments Classification (EBOPS 2010)","SI31","News agency services","A","Annual","A","Annual","USM","Million US dollar","2019","","","","16"
"Trade in commercial services","ITS_CS_AM6","Commercial services imports by sector and partner – annual (2005-2019)","840","USA","United States of America","000","","World","BOP6","Services - Extended Balance of Payments Classification (EBOPS 2010)","SI32","Other information services","A","Annual","A","Annual","USM","Million US dollar","2019","","","","4080"
"Trade in commercial services","ITS_CS_AM6","Commercial services imports by sector and partner – annual (2005-2019)","840","USA","United States of America","000","","World","BOP6","Services - Extended Balance of Payments Classification (EBOPS 2010)","SJ","Other business services","A","Annual","A","Annual","USM","Million US dollar","2019","","","","113584"
"Trade in commercial services","ITS_CS_AM6","Commercial services imports by sector and partner – annual (2005-2019)","840","USA","United States of America","000","","World","BOP6","Services - Extended Balance of Payments Classification (EBOPS 2010)","SJ1","Research and development services","A","Annual","A","Annual","USM","Million US dollar","2019","","","","33772"
"Trade in commercial services","ITS_CS_AM6","Commercial services imports by sector and partner – annual (2005-2019)","840","USA","United States of America","000","","World","BOP6","Services - Extended Balance of Payments Classification (EBOPS 2010)","SJ11","Work undertaken on a systematic basis to increase ","A","Annual","A","Annual","USM","Million US dollar","2019","","","","12783"
"Trade in commercial services","ITS_CS_AM6","Commercial services imports by sector and partner – annual (2005-2019)","840","USA","United States of America","000","","World","BOP6","Services - Extended Balance of Payments Classification (EBOPS 2010)","SJ111","Provision of customized and non-customized researc","A","Annual","A","Annual","USM","Million US dollar","2019","","","","12719"
"Trade in commercial services","ITS_CS_AM6","Commercial services imports by sector and partner – annual (2005-2019)","840","USA","United States of America","000","","World","BOP6","Services - Extended Balance of Payments Classification (EBOPS 2010)","SJ112","Sale of proprietary rights arising from research a","A","Annual","A","Annual","USM","Million US dollar","2019","","","","64"
"Trade in commercial services","ITS_CS_AM6","Commercial services imports by sector and partner – annual (2005-2019)","840","USA","United States of America","000","","World","BOP6","Services - Extended Balance of Payments Classification (EBOPS 2010)","SJ12","Other research and development services","A","Annual","A","Annual","USM","Million US dollar","2019","","","","20989"
"Trade in commercial services","ITS_CS_AM6","Commercial services imports by sector and partner – annual (2005-2019)","840","USA","United States of America","000","","World","BOP6","Services - Extended Balance of Payments Classification (EBOPS 2010)","SJ2","Professional and management consulting services","A","Annual","A","Annual","USM","Million US dollar","2019","","","","55695"
"Trade in commercial services","ITS_CS_AM6","Commercial services imports by sector and partner – annual (2005-2019)","840","USA","United States of America","000","","World","BOP6","Services - Extended Balance of Payments Classification (EBOPS 2010)","SJ21","Legal, accounting, management consulting, and publ","A","Annual","A","Annual","USM","Million US dollar","2019","","","","49390"
"Trade in commercial services","ITS_CS_AM6","Commercial services imports by sector and partner – annual (2005-2019)","840","USA","United States of America","000","","World","BOP6","Services - Extended Balance of Payments Classification (EBOPS 2010)","SJ211","Legal services","A","Annual","A","Annual","USM","Million US dollar","2019","","","","4511"
"Trade in commercial services","ITS_CS_AM6","Commercial services imports by sector and partner – annual (2005-2019)","840","USA","United States of America","000","","World","BOP6","Services - Extended Balance of Payments Classification (EBOPS 2010)","SJ212","Accounting, auditing, bookkeeping, and tax consult","A","Annual","A","Annual","USM","Million US dollar","2019","","","","5036"
"Trade in commercial services","ITS_CS_AM6","Commercial services imports by sector and partner – annual (2005-2019)","840","USA","United States of America","000","","World","BOP6","Services - Extended Balance of Payments Classification (EBOPS 2010)","SJ213","Business and management consulting and public rela","A","Annual","A","Annual","USM","Million US dollar","2019","","","","39843"
"Trade in commercial services","ITS_CS_AM6","Commercial services imports by sector and partner – annual (2005-2019)","840","USA","United States of America","000","","World","BOP6","Services - Extended Balance of Payments Classification (EBOPS 2010)","SJ22","Advertising, market research, and public opinion p","A","Annual","A","Annual","USM","Million US dollar","2019","","","","6305"
"Trade in commercial services","ITS_CS_AM6","Commercial services imports by sector and partner – annual (2005-2019)","840","USA","United States of America","000","","World","BOP6","Services - Extended Balance of Payments Classification (EBOPS 2010)","SJ221","Advertising services","A","Annual","A","Annual","USM","Million US dollar","2019","","","","5208"
"Trade in commercial services","ITS_CS_AM6","Commercial services imports by sector and partner – annual (2005-2019)","840","USA","United States of America","000","","World","BOP6","Services - Extended Balance of Payments Classification (EBOPS 2010)","SJ222","Market research and public opinion polling service","A","Annual","A","Annual","USM","Million US dollar","2019","","","","1035"
"Trade in commercial services","ITS_CS_AM6","Commercial services imports by sector and partner – annual (2005-2019)","840","USA","United States of America","000","","World","BOP6","Services - Extended Balance of Payments Classification (EBOPS 2010)","SJ22Z","Of which: Convention, trade-fair and exhibition or","A","Annual","A","Annual","USM","Million US dollar","2019","","","","63"
"Trade in commercial services","ITS_CS_AM6","Commercial services imports by sector and partner – annual (2005-2019)","840","USA","United States of America","000","","World","BOP6","Services - Extended Balance of Payments Classification (EBOPS 2010)","SJ3","Technical, trade-related, and other business servi","A","Annual","A","Annual","USM","Million US dollar","2019","","","","24116"
"Trade in commercial services","ITS_CS_AM6","Commercial services imports by sector and partner – annual (2005-2019)","840","USA","United States of America","000","","World","BOP6","Services - Extended Balance of Payments Classification (EBOPS 2010)","SJ31","Architectural, engineering, scientific, and other ","A","Annual","A","Annual","USM","Million US dollar","2019","","","","7506"
"Trade in commercial services","ITS_CS_AM6","Commercial services imports by sector and partner – annual (2005-2019)","840","USA","United States of America","000","","World","BOP6","Services - Extended Balance of Payments Classification (EBOPS 2010)","SJ311","Architectural services","A","Annual","A","Annual","USM","Million US dollar","2019","","","","141"
"Trade in commercial services","ITS_CS_AM6","Commercial services imports by sector and partner – annual (2005-2019)","840","USA","United States of America","000","","World","BOP6","Services - Extended Balance of Payments Classification (EBOPS 2010)","SJ312","Engineering services","A","Annual","A","Annual","USM","Million US dollar","2019","","","","7256"
"Trade in commercial services","ITS_CS_AM6","Commercial services imports by sector and partner – annual (2005-2019)","840","USA","United States of America","000","","World","BOP6","Services - Extended Balance of Payments Classification (EBOPS 2010)","SJ313","Scientific and other technical services","A","Annual","A","Annual","USM","Million US dollar","2019","","","","109"
"Trade in commercial services","ITS_CS_AM6","Commercial services imports by sector and partner – annual (2005-2019)","840","USA","United States of America","000","","World","BOP6","Services - Extended Balance of Payments Classification (EBOPS 2010)","SJ32","Waste treatment and de-pollution, agricultural and","A","Annual","A","Annual","USM","Million US dollar","2019","","","","764"
"Trade in commercial services","ITS_CS_AM6","Commercial services imports by sector and partner – annual (2005-2019)","840","USA","United States of America","000","","World","BOP6","Services - Extended Balance of Payments Classification (EBOPS 2010)","SJ321","Waste treatment and de-pollution","A","Annual","A","Annual","USM","Million US dollar","2019","","","","22"
"Trade in commercial services","ITS_CS_AM6","Commercial services imports by sector and partner – annual (2005-2019)","840","USA","United States of America","000","","World","BOP6","Services - Extended Balance of Payments Classification (EBOPS 2010)","SJ322","Services incidental to agriculture, forestry and f","A","Annual","A","Annual","USM","Million US dollar","2019","","","","24"
"Trade in commercial services","ITS_CS_AM6","Commercial services imports by sector and partner – annual (2005-2019)","840","USA","United States of America","000","","World","BOP6","Services - Extended Balance of Payments Classification (EBOPS 2010)","SJ323","Services incidental to mining, and oil and gas ext","A","Annual","A","Annual","USM","Million US dollar","2019","","","","718"
"Trade in commercial services","ITS_CS_AM6","Commercial services imports by sector and partner – annual (2005-2019)","840","USA","United States of America","000","","World","BOP6","Services - Extended Balance of Payments Classification (EBOPS 2010)","SJ33","Operating leasing services","A","Annual","A","Annual","USM","Million US dollar","2019","","","","1836"
"Trade in commercial services","ITS_CS_AM6","Commercial services imports by sector and partner – annual (2005-2019)","840","USA","United States of America","000","","World","BOP6","Services - Extended Balance of Payments Classification (EBOPS 2010)","SJ34","Trade-related services","A","Annual","A","Annual","USM","Million US dollar","2019","","","","2508"
"Trade in commercial services","ITS_CS_AM6","Commercial services imports by sector and partner – annual (2005-2019)","840","USA","United States of America","000","","World","BOP6","Services - Extended Balance of Payments Classification (EBOPS 2010)","SJ35","Other business services n.i.e.","A","Annual","A","Annual","USM","Million US dollar","2019","","","","11502"
"Trade in commercial services","ITS_CS_AM6","Commercial services imports by sector and partner – annual (2005-2019)","840","USA","United States of America","000","","World","BOP6","Services - Extended Balance of Payments Classification (EBOPS 2010)","SK","Personal, cultural, and recreational services","A","Annual","A","Annual","USM","Million US dollar","2019","","","","21140"
"Trade in commercial services","ITS_CS_AM6","Commercial services imports by sector and partner – annual (2005-2019)","840","USA","United States of America","000","","World","BOP6","Services - Extended Balance of Payments Classification (EBOPS 2010)","SK1","Audiovisual and related services","A","Annual","A","Annual","USM","Million US dollar","2019","","","","18918"
"Trade in commercial services","ITS_CS_AM6","Commercial services imports by sector and partner – annual (2005-2019)","840","USA","United States of America","000","","World","BOP6","Services - Extended Balance of Payments Classification (EBOPS 2010)","SK11","Audio-visual services","A","Annual","A","Annual","USM","Million US dollar","2019","","","","17589"
"Trade in commercial services","ITS_CS_AM6","Commercial services imports by sector and partner – annual (2005-2019)","840","USA","United States of America","000","","World","BOP6","Services - Extended Balance of Payments Classification (EBOPS 2010)","SK111","Audiovisual production services","A","Annual","A","Annual","USM","Million US dollar","2019","","","","1802"
"Trade in commercial services","ITS_CS_AM6","Commercial services imports by sector and partner – annual (2005-2019)","840","USA","United States of America","000","","World","BOP6","Services - Extended Balance of Payments Classification (EBOPS 2010)","SK112","Rights to use audiovisual products","A","Annual","A","Annual","USM","Million US dollar","2019","","","","15670"
"Trade in commercial services","ITS_CS_AM6","Commercial services imports by sector and partner – annual (2005-2019)","840","USA","United States of America","000","","World","BOP6","Services - Extended Balance of Payments Classification (EBOPS 2010)","SK1121","Movies and television programming","A","Annual","A","Annual","USM","Million US dollar","2019","","","","7424"
"Trade in commercial services","ITS_CS_AM6","Commercial services imports by sector and partner – annual (2005-2019)","840","USA","United States of America","000","","World","BOP6","Services - Extended Balance of Payments Classification (EBOPS 2010)","SK1122","Books and sound recordings","A","Annual","A","Annual","USM","Million US dollar","2019","","","","8247"
"Trade in commercial services","ITS_CS_AM6","Commercial services imports by sector and partner – annual (2005-2019)","840","USA","United States of America","000","","World","BOP6","Services - Extended Balance of Payments Classification (EBOPS 2010)","SK11Z","Of which: Audio-visual originals","A","Annual","A","Annual","USM","Million US dollar","2019","","","","116"
"Trade in commercial services","ITS_CS_AM6","Commercial services imports by sector and partner – annual (2005-2019)","840","USA","United States of America","000","","World","BOP6","Services - Extended Balance of Payments Classification (EBOPS 2010)","SK12","Artistic related services","A","Annual","A","Annual","USM","Million US dollar","2019","","","","1329"
"Trade in commercial services","ITS_CS_AM6","Commercial services imports by sector and partner – annual (2005-2019)","840","USA","United States of America","000","","World","BOP6","Services - Extended Balance of Payments Classification (EBOPS 2010)","SK2","Other personal, cultural, and recreational service","A","Annual","A","Annual","USM","Million US dollar","2019","","","","2222"
"Trade in commercial services","ITS_CS_AM6","Commercial services imports by sector and partner – annual (2005-2019)","840","USA","United States of America","000","","World","BOP6","Services - Extended Balance of Payments Classification (EBOPS 2010)","SK22","Education services","A","Annual","A","Annual","USM","Million US dollar","2019","","","","1680"
"Trade in commercial services","ITS_CS_AM6","Commercial services imports by sector and partner – annual (2005-2019)","840","USA","United States of America","000","","World","BOP6","Services - Extended Balance of Payments Classification (EBOPS 2010)","SL","Memo item: Government goods and services n.i.e.","A","Annual","A","Annual","USM","Million US dollar","2019","","","","24083"
"Trade in commercial services","ITS_CS_AM6","Commercial services imports by sector and partner – annual (2005-2019)","840","USA","United States of America","000","","World","BOP6","Services - Extended Balance of Payments Classification (EBOPS 2010)","SOX","Commercial services","A","Annual","A","Annual","USM","Million US dollar","2019","","","","564276"
"Trade in commercial services","ITS_CS_AM6","Commercial services imports by sector and partner – annual (2005-2019)","840","USA","United States of America","000","","World","BOP6","Services - Extended Balance of Payments Classification (EBOPS 2010)","SOX1","Other commercial services","A","Annual","A","Annual","USM","Million US dollar","2019","","","","314401"
"Trade in commercial services","ITS_CS_AM6","Commercial services imports by sector and partner – annual (2005-2019)","840","USA","United States of America","000","","World","BOP6","Services - Extended Balance of Payments Classification (EBOPS 2010)","SPX1","Memo item: Other services","A","Annual","A","Annual","USM","Million US dollar","2019","","","","338484"
"Trade in commercial services","ITS_CS_AM6","Commercial services imports by sector and partner – annual (2005-2019)","840","USA","United States of America","000","","World","BOP6","Services - Extended Balance of Payments Classification (EBOPS 2010)","SPX4","Goods-related services","A","Annual","A","Annual","USM","Million US dollar","2019","","","","7823"
"Trade in commercial services","ITS_CS_AX6","Commercial services exports by sector and partner – annual (2005-2019)","840","USA","United States of America","000","","World","BOP6","Services - Extended Balance of Payments Classification (EBOPS 2010)","GSOX","Memo item: Goods and commercial services","A","Annual","A","Annual","USM","Million US dollar","2019","","","","2505707"
"Trade in commercial services","ITS_CS_AX6","Commercial services exports by sector and partner – annual (2005-2019)","840","USA","United States of America","000","","World","BOP6","Services - Extended Balance of Payments Classification (EBOPS 2010)","S","Memo item: Total services","A","Annual","A","Annual","USM","Million US dollar","2019","","","","875825"
"Trade in commercial services","ITS_CS_AX6","Commercial services exports by sector and partner – annual (2005-2019)","840","USA","United States of America","000","","World","BOP6","Services - Extended Balance of Payments Classification (EBOPS 2010)","SB","Maintenance and repair services n.i.e.","A","Annual","A","Annual","USM","Million US dollar","2019","","","","27868"
"Trade in commercial services","ITS_CS_AX6","Commercial services exports by sector and partner – annual (2005-2019)","840","USA","United States of America","000","","World","BOP6","Services - Extended Balance of Payments Classification (EBOPS 2010)","SC","Transport","A","Annual","A","Annual","USM","Million US dollar","2019","","","","91092"
"Trade in commercial services","ITS_CS_AX6","Commercial services exports by sector and partner – annual (2005-2019)","840","USA","United States of America","000","","World","BOP6","Services - Extended Balance of Payments Classification (EBOPS 2010)","SC1","Sea transport","A","Annual","A","Annual","USM","Million US dollar","2019","","","","18222"
"Trade in commercial services","ITS_CS_AX6","Commercial services exports by sector and partner – annual (2005-2019)","840","USA","United States of America","000","","World","BOP6","Services - Extended Balance of Payments Classification (EBOPS 2010)","SC12","Freight (Sea)","A","Annual","A","Annual","USM","Million US dollar","2019","","","","3850"
"Trade in commercial services","ITS_CS_AX6","Commercial services exports by sector and partner – annual (2005-2019)","840","USA","United States of America","000","","World","BOP6","Services - Extended Balance of Payments Classification (EBOPS 2010)","SC13","Other (Sea)","A","Annual","A","Annual","USM","Million US dollar","2019","","","","14372"
"Trade in commercial services","ITS_CS_AX6","Commercial services exports by sector and partner – annual (2005-2019)","840","USA","United States of America","000","","World","BOP6","Services - Extended Balance of Payments Classification (EBOPS 2010)","SC2","Air transport","A","Annual","A","Annual","USM","Million US dollar","2019","","","","68047"
"Trade in commercial services","ITS_CS_AX6","Commercial services exports by sector and partner – annual (2005-2019)","840","USA","United States of America","000","","World","BOP6","Services - Extended Balance of Payments Classification (EBOPS 2010)","SC21","Passenger (Air)","A","Annual","A","Annual","USM","Million US dollar","2019","","","","40143"
"Trade in commercial services","ITS_CS_AX6","Commercial services exports by sector and partner – annual (2005-2019)","840","USA","United States of America","000","","World","BOP6","Services - Extended Balance of Payments Classification (EBOPS 2010)","SC22","Freight (Air)","A","Annual","A","Annual","USM","Million US dollar","2019","","","","14517"
"Trade in commercial services","ITS_CS_AX6","Commercial services exports by sector and partner – annual (2005-2019)","840","USA","United States of America","000","","World","BOP6","Services - Extended Balance of Payments Classification (EBOPS 2010)","SC23","Other (Air)","A","Annual","A","Annual","USM","Million US dollar","2019","","","","13386"
"Trade in commercial services","ITS_CS_AX6","Commercial services exports by sector and partner – annual (2005-2019)","840","USA","United States of America","000","","World","BOP6","Services - Extended Balance of Payments Classification (EBOPS 2010)","SC3","Other modes of transport","A","Annual","A","Annual","USM","Million US dollar","2019","","","","3853"
"Trade in commercial services","ITS_CS_AX6","Commercial services exports by sector and partner – annual (2005-2019)","840","USA","United States of America","000","","World","BOP6","Services - Extended Balance of Payments Classification (EBOPS 2010)","SC4","Postal and courier services","A","Annual","A","Annual","USM","Million US dollar","2019","","","","970"
"Trade in commercial services","ITS_CS_AX6","Commercial services exports by sector and partner – annual (2005-2019)","840","USA","United States of America","000","","World","BOP6","Services - Extended Balance of Payments Classification (EBOPS 2010)","SCA","Passenger (All modes of transport)","A","Annual","A","Annual","USM","Million US dollar","2019","E","Estimate","","41684.2"
"Trade in commercial services","ITS_CS_AX6","Commercial services exports by sector and partner – annual (2005-2019)","840","USA","United States of America","000","","World","BOP6","Services - Extended Balance of Payments Classification (EBOPS 2010)","SCB","Freight (All modes of transport)","A","Annual","A","Annual","USM","Million US dollar","2019","E","Estimate","","19908.2"
"Trade in commercial services","ITS_CS_AX6","Commercial services exports by sector and partner – annual (2005-2019)","840","USA","United States of America","000","","World","BOP6","Services - Extended Balance of Payments Classification (EBOPS 2010)","SCC","Other (All modes of transport)","A","Annual","A","Annual","USM","Million US dollar","2019","E","Estimate","","29498.6"
"Trade in commercial services","ITS_CS_AX6","Commercial services exports by sector and partner – annual (2005-2019)","840","USA","United States of America","000","","World","BOP6","Services - Extended Balance of Payments Classification (EBOPS 2010)","SD","Travel","A","Annual","A","Annual","USM","Million US dollar","2019","","","","193315"
"Trade in commercial services","ITS_CS_AX6","Commercial services exports by sector and partner – annual (2005-2019)","840","USA","United States of America","000","","World","BOP6","Services - Extended Balance of Payments Classification (EBOPS 2010)","SDA","Business","A","Annual","A","Annual","USM","Million US dollar","2019","","","","37192"
"Trade in commercial services","ITS_CS_AX6","Commercial services exports by sector and partner – annual (2005-2019)","840","USA","United States of America","000","","World","BOP6","Services - Extended Balance of Payments Classification (EBOPS 2010)","SDA1","Acquisition of goods and services by border, seaso","A","Annual","A","Annual","USM","Million US dollar","2019","","","","9103"
"Trade in commercial services","ITS_CS_AX6","Commercial services exports by sector and partner – annual (2005-2019)","840","USA","United States of America","000","","World","BOP6","Services - Extended Balance of Payments Classification (EBOPS 2010)","SDA2","Other (Business)","A","Annual","A","Annual","USM","Million US dollar","2019","","","","28088"
"Trade in commercial services","ITS_CS_AX6","Commercial services exports by sector and partner – annual (2005-2019)","840","USA","United States of America","000","","World","BOP6","Services - Extended Balance of Payments Classification (EBOPS 2010)","SDB","Personal","A","Annual","A","Annual","USM","Million US dollar","2019","","","","156124"
"Trade in commercial services","ITS_CS_AX6","Commercial services exports by sector and partner – annual (2005-2019)","840","USA","United States of America","000","","World","BOP6","Services - Extended Balance of Payments Classification (EBOPS 2010)","SDB1","Health-related","A","Annual","A","Annual","USM","Million US dollar","2019","","","","1180"
"Trade in commercial services","ITS_CS_AX6","Commercial services exports by sector and partner – annual (2005-2019)","840","USA","United States of America","000","","World","BOP6","Services - Extended Balance of Payments Classification (EBOPS 2010)","SDB2","Education-related","A","Annual","A","Annual","USM","Million US dollar","2019","","","","44046"
"Trade in commercial services","ITS_CS_AX6","Commercial services exports by sector and partner – annual (2005-2019)","840","USA","United States of America","000","","World","BOP6","Services - Extended Balance of Payments Classification (EBOPS 2010)","SDB3","Other (Personal)","A","Annual","A","Annual","USM","Million US dollar","2019","","","","110898"
"Trade in commercial services","ITS_CS_AX6","Commercial services exports by sector and partner – annual (2005-2019)","840","USA","United States of America","000","","World","BOP6","Services - Extended Balance of Payments Classification (EBOPS 2010)","SE","Construction","A","Annual","A","Annual","USM","Million US dollar","2019","","","","3189"
"Trade in commercial services","ITS_CS_AX6","Commercial services exports by sector and partner – annual (2005-2019)","840","USA","United States of America","000","","World","BOP6","Services - Extended Balance of Payments Classification (EBOPS 2010)","SE1","Construction abroad","A","Annual","A","Annual","USM","Million US dollar","2019","","","","3189"
"Trade in commercial services","ITS_CS_AX6","Commercial services exports by sector and partner – annual (2005-2019)","840","USA","United States of America","000","","World","BOP6","Services - Extended Balance of Payments Classification (EBOPS 2010)","SF","Insurance and pension services","A","Annual","A","Annual","USM","Million US dollar","2019","","","","16238"
"Trade in commercial services","ITS_CS_AX6","Commercial services exports by sector and partner – annual (2005-2019)","840","USA","United States of America","000","","World","BOP6","Services - Extended Balance of Payments Classification (EBOPS 2010)","SF1","Direct insurance","A","Annual","A","Annual","USM","Million US dollar","2019","","","","1479"
"Trade in commercial services","ITS_CS_AX6","Commercial services exports by sector and partner – annual (2005-2019)","840","USA","United States of America","000","","World","BOP6","Services - Extended Balance of Payments Classification (EBOPS 2010)","SF2","Reinsurance","A","Annual","A","Annual","USM","Million US dollar","2019","","","","13145"
"Trade in commercial services","ITS_CS_AX6","Commercial services exports by sector and partner – annual (2005-2019)","840","USA","United States of America","000","","World","BOP6","Services - Extended Balance of Payments Classification (EBOPS 2010)","SF3","Auxiliary insurance services","A","Annual","A","Annual","USM","Million US dollar","2019","","","","1614"
"Trade in commercial services","ITS_CS_AX6","Commercial services exports by sector and partner – annual (2005-2019)","840","USA","United States of America","000","","World","BOP6","Services - Extended Balance of Payments Classification (EBOPS 2010)","SG","Financial services","A","Annual","A","Annual","USM","Million US dollar","2019","","","","135698"
"Trade in commercial services","ITS_CS_AX6","Commercial services exports by sector and partner – annual (2005-2019)","840","USA","United States of America","000","","World","BOP6","Services - Extended Balance of Payments Classification (EBOPS 2010)","SG1","Explicitly charged and other financial services","A","Annual","A","Annual","USM","Million US dollar","2019","","","","116305"
"Trade in commercial services","ITS_CS_AX6","Commercial services exports by sector and partner – annual (2005-2019)","840","USA","United States of America","000","","World","BOP6","Services - Extended Balance of Payments Classification (EBOPS 2010)","SG11","Brokerage and market-making services","A","Annual","A","Annual","USM","Million US dollar","2019","","","","8891"
"Trade in commercial services","ITS_CS_AX6","Commercial services exports by sector and partner – annual (2005-2019)","840","USA","United States of America","000","","World","BOP6","Services - Extended Balance of Payments Classification (EBOPS 2010)","SG12","Underwriting and private placement services","A","Annual","A","Annual","USM","Million US dollar","2019","","","","2683"
"Trade in commercial services","ITS_CS_AX6","Commercial services exports by sector and partner – annual (2005-2019)","840","USA","United States of America","000","","World","BOP6","Services - Extended Balance of Payments Classification (EBOPS 2010)","SG13","Credit card and other credit-related services","A","Annual","A","Annual","USM","Million US dollar","2019","","","","28462"
"Trade in commercial services","ITS_CS_AX6","Commercial services exports by sector and partner – annual (2005-2019)","840","USA","United States of America","000","","World","BOP6","Services - Extended Balance of Payments Classification (EBOPS 2010)","SG14","Financial management services","A","Annual","A","Annual","USM","Million US dollar","2019","","","","45879"
"Trade in commercial services","ITS_CS_AX6","Commercial services exports by sector and partner – annual (2005-2019)","840","USA","United States of America","000","","World","BOP6","Services - Extended Balance of Payments Classification (EBOPS 2010)","SG15","Financial advisory and custody services","A","Annual","A","Annual","USM","Million US dollar","2019","","","","7545"
"Trade in commercial services","ITS_CS_AX6","Commercial services exports by sector and partner – annual (2005-2019)","840","USA","United States of America","000","","World","BOP6","Services - Extended Balance of Payments Classification (EBOPS 2010)","SG16","Securities lending, electronic funds transfer, and","A","Annual","A","Annual","USM","Million US dollar","2019","","","","22843"
"Trade in commercial services","ITS_CS_AX6","Commercial services exports by sector and partner – annual (2005-2019)","840","USA","United States of America","000","","World","BOP6","Services - Extended Balance of Payments Classification (EBOPS 2010)","SG2","Financial intermediation services indirectly measu","A","Annual","A","Annual","USM","Million US dollar","2019","","","","19393"
"Trade in commercial services","ITS_CS_AX6","Commercial services exports by sector and partner – annual (2005-2019)","840","USA","United States of America","000","","World","BOP6","Services - Extended Balance of Payments Classification (EBOPS 2010)","SH","Charges for the use of intellectual property n.i.e","A","Annual","A","Annual","USM","Million US dollar","2019","","","","117401"
"Trade in commercial services","ITS_CS_AX6","Commercial services exports by sector and partner – annual (2005-2019)","840","USA","United States of America","000","","World","BOP6","Services - Extended Balance of Payments Classification (EBOPS 2010)","SH1","Franchises and trademarks licensing fees","A","Annual","A","Annual","USM","Million US dollar","2019","","","","26988"
"Trade in commercial services","ITS_CS_AX6","Commercial services exports by sector and partner – annual (2005-2019)","840","USA","United States of America","000","","World","BOP6","Services - Extended Balance of Payments Classification (EBOPS 2010)","SH11","Trademarks","A","Annual","A","Annual","USM","Million US dollar","2019","","","","20039"
"Trade in commercial services","ITS_CS_AX6","Commercial services exports by sector and partner – annual (2005-2019)","840","USA","United States of America","000","","World","BOP6","Services - Extended Balance of Payments Classification (EBOPS 2010)","SH12","Franchise fees","A","Annual","A","Annual","USM","Million US dollar","2019","","","","6949"
"Trade in commercial services","ITS_CS_AX6","Commercial services exports by sector and partner – annual (2005-2019)","840","USA","United States of America","000","","World","BOP6","Services - Extended Balance of Payments Classification (EBOPS 2010)","SH2","Licences for the use of outcomes of research and d","A","Annual","A","Annual","USM","Million US dollar","2019","","","","47811"
"Trade in commercial services","ITS_CS_AX6","Commercial services exports by sector and partner – annual (2005-2019)","840","USA","United States of America","000","","World","BOP6","Services - Extended Balance of Payments Classification (EBOPS 2010)","SH3","Licences to reproduce and/or distribute computer s","A","Annual","A","Annual","USM","Million US dollar","2019","","","","37954"
"Trade in commercial services","ITS_CS_AX6","Commercial services exports by sector and partner – annual (2005-2019)","840","USA","United States of America","000","","World","BOP6","Services - Extended Balance of Payments Classification (EBOPS 2010)","SH4","Licences to reproduce and/or distribute audio-visu","A","Annual","A","Annual","USM","Million US dollar","2019","","","","4649"
"Trade in commercial services","ITS_CS_AX6","Commercial services exports by sector and partner – annual (2005-2019)","840","USA","United States of America","000","","World","BOP6","Services - Extended Balance of Payments Classification (EBOPS 2010)","SH41","Licences to reproduce and/or distribute audio-visu","A","Annual","A","Annual","USM","Million US dollar","2019","","","","4649"
"Trade in commercial services","ITS_CS_AX6","Commercial services exports by sector and partner – annual (2005-2019)","840","USA","United States of America","000","","World","BOP6","Services - Extended Balance of Payments Classification (EBOPS 2010)","SH411","Movies and television programming","A","Annual","A","Annual","USM","Million US dollar","2019","","","","1269"
"Trade in commercial services","ITS_CS_AX6","Commercial services exports by sector and partner – annual (2005-2019)","840","USA","United States of America","000","","World","BOP6","Services - Extended Balance of Payments Classification (EBOPS 2010)","SH412","Books and sound recordings","A","Annual","A","Annual","USM","Million US dollar","2019","","","","1340"
"Trade in commercial services","ITS_CS_AX6","Commercial services exports by sector and partner – annual (2005-2019)","840","USA","United States of America","000","","World","BOP6","Services - Extended Balance of Payments Classification (EBOPS 2010)","SH413","Broadcasting and recording of live events","A","Annual","A","Annual","USM","Million US dollar","2019","","","","2040"
"Trade in commercial services","ITS_CS_AX6","Commercial services exports by sector and partner – annual (2005-2019)","840","USA","United States of America","000","","World","BOP6","Services - Extended Balance of Payments Classification (EBOPS 2010)","SI","Telecommunications, computer, and information serv","A","Annual","A","Annual","USM","Million US dollar","2019","","","","55657"
"Trade in commercial services","ITS_CS_AX6","Commercial services exports by sector and partner – annual (2005-2019)","840","USA","United States of America","000","","World","BOP6","Services - Extended Balance of Payments Classification (EBOPS 2010)","SI1","Telecommunications services","A","Annual","A","Annual","USM","Million US dollar","2019","","","","7825"
"Trade in commercial services","ITS_CS_AX6","Commercial services exports by sector and partner – annual (2005-2019)","840","USA","United States of America","000","","World","BOP6","Services - Extended Balance of Payments Classification (EBOPS 2010)","SI2","Computer services","A","Annual","A","Annual","USM","Million US dollar","2019","","","","36828"
"Trade in commercial services","ITS_CS_AX6","Commercial services exports by sector and partner – annual (2005-2019)","840","USA","United States of America","000","","World","BOP6","Services - Extended Balance of Payments Classification (EBOPS 2010)","SI21","Computer software","A","Annual","A","Annual","USM","Million US dollar","2019","","","","23804"
"Trade in commercial services","ITS_CS_AX6","Commercial services exports by sector and partner – annual (2005-2019)","840","USA","United States of America","000","","World","BOP6","Services - Extended Balance of Payments Classification (EBOPS 2010)","SI22","Other computer services","A","Annual","A","Annual","USM","Million US dollar","2019","","","","13024"
"Trade in commercial services","ITS_CS_AX6","Commercial services exports by sector and partner – annual (2005-2019)","840","USA","United States of America","000","","World","BOP6","Services - Extended Balance of Payments Classification (EBOPS 2010)","SI221","Cloud computing and data storage services","A","Annual","A","Annual","USM","Million US dollar","2019","","","","6141"
"Trade in commercial services","ITS_CS_AX6","Commercial services exports by sector and partner – annual (2005-2019)","840","USA","United States of America","000","","World","BOP6","Services - Extended Balance of Payments Classification (EBOPS 2010)","SI222","Other computer services other than cloud computing","A","Annual","A","Annual","USM","Million US dollar","2019","","","","6882"
"Trade in commercial services","ITS_CS_AX6","Commercial services exports by sector and partner – annual (2005-2019)","840","USA","United States of America","000","","World","BOP6","Services - Extended Balance of Payments Classification (EBOPS 2010)","SI3","Information services","A","Annual","A","Annual","USM","Million US dollar","2019","","","","11005"
"Trade in commercial services","ITS_CS_AX6","Commercial services exports by sector and partner – annual (2005-2019)","840","USA","United States of America","000","","World","BOP6","Services - Extended Balance of Payments Classification (EBOPS 2010)","SI31","News agency services","A","Annual","A","Annual","USM","Million US dollar","2019","","","","302"
"Trade in commercial services","ITS_CS_AX6","Commercial services exports by sector and partner – annual (2005-2019)","840","USA","United States of America","000","","World","BOP6","Services - Extended Balance of Payments Classification (EBOPS 2010)","SI32","Other information services","A","Annual","A","Annual","USM","Million US dollar","2019","","","","10703"
"Trade in commercial services","ITS_CS_AX6","Commercial services exports by sector and partner – annual (2005-2019)","840","USA","United States of America","000","","World","BOP6","Services - Extended Balance of Payments Classification (EBOPS 2010)","SJ","Other business services","A","Annual","A","Annual","USM","Million US dollar","2019","","","","189441"
"Trade in commercial services","ITS_CS_AX6","Commercial services exports by sector and partner – annual (2005-2019)","840","USA","United States of America","000","","World","BOP6","Services - Extended Balance of Payments Classification (EBOPS 2010)","SJ1","Research and development services","A","Annual","A","Annual","USM","Million US dollar","2019","","","","49614"
"Trade in commercial services","ITS_CS_AX6","Commercial services exports by sector and partner – annual (2005-2019)","840","USA","United States of America","000","","World","BOP6","Services - Extended Balance of Payments Classification (EBOPS 2010)","SJ11","Work undertaken on a systematic basis to increase ","A","Annual","A","Annual","USM","Million US dollar","2019","","","","17255"
"Trade in commercial services","ITS_CS_AX6","Commercial services exports by sector and partner – annual (2005-2019)","840","USA","United States of America","000","","World","BOP6","Services - Extended Balance of Payments Classification (EBOPS 2010)","SJ111","Provision of customized and non-customized researc","A","Annual","A","Annual","USM","Million US dollar","2019","","","","16726"
"Trade in commercial services","ITS_CS_AX6","Commercial services exports by sector and partner – annual (2005-2019)","840","USA","United States of America","000","","World","BOP6","Services - Extended Balance of Payments Classification (EBOPS 2010)","SJ112","Sale of proprietary rights arising from research a","A","Annual","A","Annual","USM","Million US dollar","2019","","","","529"
"Trade in commercial services","ITS_CS_AX6","Commercial services exports by sector and partner – annual (2005-2019)","840","USA","United States of America","000","","World","BOP6","Services - Extended Balance of Payments Classification (EBOPS 2010)","SJ12","Other research and development services","A","Annual","A","Annual","USM","Million US dollar","2019","","","","32359"
"Trade in commercial services","ITS_CS_AX6","Commercial services exports by sector and partner – annual (2005-2019)","840","USA","United States of America","000","","World","BOP6","Services - Extended Balance of Payments Classification (EBOPS 2010)","SJ2","Professional and management consulting services","A","Annual","A","Annual","USM","Million US dollar","2019","","","","105070"
"Trade in commercial services","ITS_CS_AX6","Commercial services exports by sector and partner – annual (2005-2019)","840","USA","United States of America","000","","World","BOP6","Services - Extended Balance of Payments Classification (EBOPS 2010)","SJ21","Legal, accounting, management consulting, and publ","A","Annual","A","Annual","USM","Million US dollar","2019","","","","82923"
"Trade in commercial services","ITS_CS_AX6","Commercial services exports by sector and partner – annual (2005-2019)","840","USA","United States of America","000","","World","BOP6","Services - Extended Balance of Payments Classification (EBOPS 2010)","SJ211","Legal services","A","Annual","A","Annual","USM","Million US dollar","2019","","","","13353"
"Trade in commercial services","ITS_CS_AX6","Commercial services exports by sector and partner – annual (2005-2019)","840","USA","United States of America","000","","World","BOP6","Services - Extended Balance of Payments Classification (EBOPS 2010)","SJ212","Accounting, auditing, bookkeeping, and tax consult","A","Annual","A","Annual","USM","Million US dollar","2019","","","","2574"
"Trade in commercial services","ITS_CS_AX6","Commercial services exports by sector and partner – annual (2005-2019)","840","USA","United States of America","000","","World","BOP6","Services - Extended Balance of Payments Classification (EBOPS 2010)","SJ213","Business and management consulting and public rela","A","Annual","A","Annual","USM","Million US dollar","2019","","","","66997"
"Trade in commercial services","ITS_CS_AX6","Commercial services exports by sector and partner – annual (2005-2019)","840","USA","United States of America","000","","World","BOP6","Services - Extended Balance of Payments Classification (EBOPS 2010)","SJ22","Advertising, market research, and public opinion p","A","Annual","A","Annual","USM","Million US dollar","2019","","","","22147"
"Trade in commercial services","ITS_CS_AX6","Commercial services exports by sector and partner – annual (2005-2019)","840","USA","United States of America","000","","World","BOP6","Services - Extended Balance of Payments Classification (EBOPS 2010)","SJ221","Advertising services","A","Annual","A","Annual","USM","Million US dollar","2019","","","","19906"
"Trade in commercial services","ITS_CS_AX6","Commercial services exports by sector and partner – annual (2005-2019)","840","USA","United States of America","000","","World","BOP6","Services - Extended Balance of Payments Classification (EBOPS 2010)","SJ222","Market research and public opinion polling service","A","Annual","A","Annual","USM","Million US dollar","2019","","","","2162"
"Trade in commercial services","ITS_CS_AX6","Commercial services exports by sector and partner – annual (2005-2019)","840","USA","United States of America","000","","World","BOP6","Services - Extended Balance of Payments Classification (EBOPS 2010)","SJ22Z","Of which: Convention, trade-fair and exhibition or","A","Annual","A","Annual","USM","Million US dollar","2019","","","","79"
"Trade in commercial services","ITS_CS_AX6","Commercial services exports by sector and partner – annual (2005-2019)","840","USA","United States of America","000","","World","BOP6","Services - Extended Balance of Payments Classification (EBOPS 2010)","SJ3","Technical, trade-related, and other business servi","A","Annual","A","Annual","USM","Million US dollar","2019","","","","34756"
"Trade in commercial services","ITS_CS_AX6","Commercial services exports by sector and partner – annual (2005-2019)","840","USA","United States of America","000","","World","BOP6","Services - Extended Balance of Payments Classification (EBOPS 2010)","SJ31","Architectural, engineering, scientific, and other ","A","Annual","A","Annual","USM","Million US dollar","2019","","","","13070"
"Trade in commercial services","ITS_CS_AX6","Commercial services exports by sector and partner – annual (2005-2019)","840","USA","United States of America","000","","World","BOP6","Services - Extended Balance of Payments Classification (EBOPS 2010)","SJ311","Architectural services","A","Annual","A","Annual","USM","Million US dollar","2019","","","","1057"
"Trade in commercial services","ITS_CS_AX6","Commercial services exports by sector and partner – annual (2005-2019)","840","USA","United States of America","000","","World","BOP6","Services - Extended Balance of Payments Classification (EBOPS 2010)","SJ312","Engineering services","A","Annual","A","Annual","USM","Million US dollar","2019","","","","11614"
"Trade in commercial services","ITS_CS_AX6","Commercial services exports by sector and partner – annual (2005-2019)","840","USA","United States of America","000","","World","BOP6","Services - Extended Balance of Payments Classification (EBOPS 2010)","SJ313","Scientific and other technical services","A","Annual","A","Annual","USM","Million US dollar","2019","","","","399"
"Trade in commercial services","ITS_CS_AX6","Commercial services exports by sector and partner – annual (2005-2019)","840","USA","United States of America","000","","World","BOP6","Services - Extended Balance of Payments Classification (EBOPS 2010)","SJ32","Waste treatment and de-pollution, agricultural and","A","Annual","A","Annual","USM","Million US dollar","2019","","","","2353"
"Trade in commercial services","ITS_CS_AX6","Commercial services exports by sector and partner – annual (2005-2019)","840","USA","United States of America","000","","World","BOP6","Services - Extended Balance of Payments Classification (EBOPS 2010)","SJ323","Services incidental to mining, and oil and gas ext","A","Annual","A","Annual","USM","Million US dollar","2019","","","","2299"
"Trade in commercial services","ITS_CS_AX6","Commercial services exports by sector and partner – annual (2005-2019)","840","USA","United States of America","000","","World","BOP6","Services - Extended Balance of Payments Classification (EBOPS 2010)","SJ33","Operating leasing services","A","Annual","A","Annual","USM","Million US dollar","2019","","","","7434"
"Trade in commercial services","ITS_CS_AX6","Commercial services exports by sector and partner – annual (2005-2019)","840","USA","United States of America","000","","World","BOP6","Services - Extended Balance of Payments Classification (EBOPS 2010)","SJ34","Trade-related services","A","Annual","A","Annual","USM","Million US dollar","2019","","","","2051"
"Trade in commercial services","ITS_CS_AX6","Commercial services exports by sector and partner – annual (2005-2019)","840","USA","United States of America","000","","World","BOP6","Services - Extended Balance of Payments Classification (EBOPS 2010)","SJ35","Other business services n.i.e.","A","Annual","A","Annual","USM","Million US dollar","2019","","","","9849"
"Trade in commercial services","ITS_CS_AX6","Commercial services exports by sector and partner – annual (2005-2019)","840","USA","United States of America","000","","World","BOP6","Services - Extended Balance of Payments Classification (EBOPS 2010)","SK","Personal, cultural, and recreational services","A","Annual","A","Annual","USM","Million US dollar","2019","","","","23372"
"Trade in commercial services","ITS_CS_AX6","Commercial services exports by sector and partner – annual (2005-2019)","840","USA","United States of America","000","","World","BOP6","Services - Extended Balance of Payments Classification (EBOPS 2010)","SK1","Audiovisual and related services","A","Annual","A","Annual","USM","Million US dollar","2019","","","","19745"
"Trade in commercial services","ITS_CS_AX6","Commercial services exports by sector and partner – annual (2005-2019)","840","USA","United States of America","000","","World","BOP6","Services - Extended Balance of Payments Classification (EBOPS 2010)","SK11","Audio-visual services","A","Annual","A","Annual","USM","Million US dollar","2019","","","","19083"
"Trade in commercial services","ITS_CS_AX6","Commercial services exports by sector and partner – annual (2005-2019)","840","USA","United States of America","000","","World","BOP6","Services - Extended Balance of Payments Classification (EBOPS 2010)","SK112","Rights to use audiovisual products","A","Annual","A","Annual","USM","Million US dollar","2019","","","","18292"
"Trade in commercial services","ITS_CS_AX6","Commercial services exports by sector and partner – annual (2005-2019)","840","USA","United States of America","000","","World","BOP6","Services - Extended Balance of Payments Classification (EBOPS 2010)","SK1121","Movies and television programming","A","Annual","A","Annual","USM","Million US dollar","2019","","","","16038"
"Trade in commercial services","ITS_CS_AX6","Commercial services exports by sector and partner – annual (2005-2019)","840","USA","United States of America","000","","World","BOP6","Services - Extended Balance of Payments Classification (EBOPS 2010)","SK1122","Books and sound recordings","A","Annual","A","Annual","USM","Million US dollar","2019","","","","2254"
"Trade in commercial services","ITS_CS_AX6","Commercial services exports by sector and partner – annual (2005-2019)","840","USA","United States of America","000","","World","BOP6","Services - Extended Balance of Payments Classification (EBOPS 2010)","SK11Z2","Books and sound recordings","A","Annual","A","Annual","USM","Million US dollar","2019","","","","2"
"Trade in commercial services","ITS_CS_AX6","Commercial services exports by sector and partner – annual (2005-2019)","840","USA","United States of America","000","","World","BOP6","Services - Extended Balance of Payments Classification (EBOPS 2010)","SK12","Artistic related services","A","Annual","A","Annual","USM","Million US dollar","2019","","","","662"
"Trade in commercial services","ITS_CS_AX6","Commercial services exports by sector and partner – annual (2005-2019)","840","USA","United States of America","000","","World","BOP6","Services - Extended Balance of Payments Classification (EBOPS 2010)","SK2","Other personal, cultural, and recreational service","A","Annual","A","Annual","USM","Million US dollar","2019","","","","3627"
"Trade in commercial services","ITS_CS_AX6","Commercial services exports by sector and partner – annual (2005-2019)","840","USA","United States of America","000","","World","BOP6","Services - Extended Balance of Payments Classification (EBOPS 2010)","SK22","Education services","A","Annual","A","Annual","USM","Million US dollar","2019","","","","2269"
"Trade in commercial services","ITS_CS_AX6","Commercial services exports by sector and partner – annual (2005-2019)","840","USA","United States of America","000","","World","BOP6","Services - Extended Balance of Payments Classification (EBOPS 2010)","SL","Memo item: Government goods and services n.i.e.","A","Annual","A","Annual","USM","Million US dollar","2019","","","","22555"
"Trade in commercial services","ITS_CS_AX6","Commercial services exports by sector and partner – annual (2005-2019)","840","USA","United States of America","000","","World","BOP6","Services - Extended Balance of Payments Classification (EBOPS 2010)","SOX","Commercial services","A","Annual","A","Annual","USM","Million US dollar","2019","","","","853270"
"Trade in commercial services","ITS_CS_AX6","Commercial services exports by sector and partner – annual (2005-2019)","840","USA","United States of America","000","","World","BOP6","Services - Extended Balance of Payments Classification (EBOPS 2010)","SOX1","Other commercial services","A","Annual","A","Annual","USM","Million US dollar","2019","","","","540995"
"Trade in commercial services","ITS_CS_AX6","Commercial services exports by sector and partner – annual (2005-2019)","840","USA","United States of America","000","","World","BOP6","Services - Extended Balance of Payments Classification (EBOPS 2010)","SPX1","Memo item: Other services","A","Annual","A","Annual","USM","Million US dollar","2019","","","","563550"
"Trade in commercial services","ITS_CS_AX6","Commercial services exports by sector and partner – annual (2005-2019)","840","USA","United States of America","000","","World","BOP6","Services - Extended Balance of Payments Classification (EBOPS 2010)","SPX4","Goods-related services","A","Annual","A","Annual","USM","Million US dollar","2019","","","","27868"
